Workbook

Sheet 총계
A1: 2023 경조화환 지출 내역(성원플라워)
A3: VAT 비대상
A4: 구분 | B4: 1월 | C4: 2월 | D4: 3월 | E4: 4월 | F4: 5월 | G4: 6월 | H4: 7월 | I4: 8월 | J4: 9월 | K4: 10월 | L4: 11월 | M4: 12월 | N4: 합계
A5: 거래처 (접대비) | B5: 0 | C5: 0 | D5: ='3월'!J8 -> 380000 | E5: ='4월'!J13 -> 860000 | F5: ='5월'!J12 -> 750000 | G5: ='6월'!J12 -> 500000 | H5: ='7월'!J12 -> 520000 | I5: ='8월'!J12 -> 740000 | J5: ='9월'!J12 -> 190000 | K5: ='10월'!J12 -> 580000 | L5: ='11월'!J17 -> 1240000 | M5: ='12월'!J12 -> 770000 | N5: =SUM(B5:M5) -> 6530000
A6: 임직원 (복리후생비/경조금) | B6: 0 | C6: 0 | D6: ='3월'!J12 -> 0 | E6: ='4월'!J17 -> 0 | F6: ='5월'!J19 -> 620000 | G6: ='6월'!J19 -> 90000 | H6: ='7월'!J19 -> 90000 | J6: ='9월'!J19 -> 370000 | K6: ='10월'!J19 -> 90000 | L6: ='11월'!J24 -> 370000 | M6: ='12월'!J19 -> 90000 | N6: =SUM(B6:M6) -> 1720000
A7: 사내조경 (소모품비) | B7: 0 | C7: 0 | D7: ='3월'!J16 -> 0 | E7: ='4월'!J21 -> 0 | F7: ='5월'!J23 -> 0 | N7: =SUM(B7:M7) -> 0
A8: 합계 | B8: 0 | C8: 0 | D8: ='3월'!J17 -> 380000 | E8: ='4월'!J22 -> 860000 | F8: ='5월'!J24 -> 1370000 | G8: ='6월'!J24 -> 590000 | H8: ='7월'!J24 -> 610000 | I8: ='8월'!J24 -> 740000 | J8: ='9월'!J24 -> 560000 | K8: ='10월'!J24 -> 670000 | L8: ='11월'!J29 -> 1610000 | M8: ='12월'!J24 -> 860000 | N8: =SUM(B8:M8) -> 8250000
A9: 전월 대비 증감액 | B9: 0 | C9: =C8-B8 -> 0 | D9: =D8-C8 -> 380000 | E9: =E8-D8 -> 480000 | F9: =F8-E8 -> 510000 | G9: =G8-F8 -> -780000 | H9: =H8-G8 -> 20000 | I9: =I8-H8 -> 130000 | J9: =J8-I8 -> -180000 | ... M9: =M8-L8 -> -750000

Sheet 3월
A1: 2023년 3월 경조화환 발주 내역
J2: 단위:원(VAT 비대상)
A3: 구분 | B3: No | C3: 배달일자 | D3: 상품명 | E3: 발주자 | F3: 배송지 | G3: 거래처 명 | H3: 요청팀 | I3: 수령인 | J3: 금액 | K3: 비고
A4: 거래처 | B4: 1 | C4: 45000 | D4: 근조화환 | E4: 박상욱 | F4: 이대(발산역)서울병원장례식장 | G4: - | H4: 총무팀 | I4: 이원희 | J4: 90000
B5: 2 | C5: 45001 | D5: 축하 난 | E5: 박상욱 | F5: 서울특별시 중구 을지로 16, 프레지던트호텔 9층 907호 세부퍼시픽 | G5: 세부퍼시픽 | H5: 동남아5팀 | I5: 강신영 | J5: 100000
B6: 3 | C6: 45001 | D6: 축하 난 | E6: 박상욱 | F6: 서울특별시 중구 을지로 16, 프레지던트호텔 9층 907호 세부퍼시픽 | G6: 세부퍼시픽 | H6: 동남아5팀 | I6: 강윤호 | J6: 100000
B7: 4 | C7: 45008 | D7: 근조화환 | E7: 박상욱 | F7: 대구 수성요양병원 | G7: 하나투어 | H7: 부산상품영업팀 | I7: 장일우 | J7: 90000
B8: 소 계 | J8: =SUM(J4:J7) -> 380000
A9: 구분 | B9: No | C9: 배달일자 | D9: 상품명 | E9: 발주자 | F9: 배송지 | G9: 사유 | H9: 요청팀 | I9: 수령인 | J9: 금액 | K9: 비고
A10: 임직원
B12: 소 계 | J12: =SUM(J10:J11) -> 0
A13: 구분 | B13: No | C13: 배달일자 | D13: 상품명 | E13: 발주자 | F13: 배송지 | H13: 요청팀 | I13: 수령인 | J13: 금액 | K13: 비고
A14: 사내 조경
B16: 소 계 | J16: =SUM(J14:J15) -> 0
A17: 합 계 | J17: =SUM(J8,J12,J16) -> 380000

Sheet 4월
A1: 2023년 4월 경조화환 발주 내역
J2: 단위:원(VAT 비대상)
A3: 구분 | B3: No | C3: 배달일자 | D3: 상품명 | E3: 발주자 | F3: 배송지 | G3: 거래처 명 | H3: 요청팀 | I3: 수령인 | J3: 금액 | K3: 비고
A4: 거래처 | B4: 1 | C4: 45019 | D4: 근조화환 | E4: 이상훈 | F4: 인천 청기와장례식장 | G4: 에이투젯월드 | H4: 대양주팀 | I4: 최지웅 | J4: 90000
B5: 2 | C5: 45020 | D5: 근조화환 | E5: 이상훈 | F5: 인천 성모병원장례식장 | G5: 트래버스 | H5: 대양주팀 | I5: 이상훈 | J5: 90000
B6: 3 | C6: 45021 | D6: 근조화환 | E6: 이상훈 | F6: 부산 시민장례식장 | G6: 와이투어앤골프 | H6: 부산지사 | I6: 김대곤 | J6: 90000
B7: 4 | C7: 45026 | D7: 승진축하 난 | E7: 이상훈 | F7: 진에어 부산지점 | G7: 진에어 부산지점 | H7: 부산상품영업팀 | I7: 김진규 | J7: 100000
B8: 5 | C8: 45027 | D8: 이전축하 난 | E8: 이상훈 | F8: 여가투어 | G8: 여가투어 | H8: 제주팀 | I8: 김연숙 | J8: 100000
B9: 6 | C9: 45034 | D9: 승진축하 난 | E9: 이상훈 | F9: 에어부산 부산지점 | G9: 에어부산 부산지점 | H9: 부산상품영업팀 | I9: 김태완 | J9: 100000
B10: 7 | C10: 45035 | D10: 승진축하 난 | E10: 이상훈 | F10: 에어서울 | G10: 에어서울 | H10: 일본2팀 | I10: 전덕재 | J10: 100000
B11: 8 | C11: 45040 | D11: 승진축하 난 | E11: 이상훈 | F11: 비엣젯항공 부산지점 | G11: 비엣젯항공 부산지점 | H11: 부산상품영업팀 | I11: 강민우 | J11: 100000
B12: 9 | C12: 45045 | D12: 축하화환 | E12: 이상훈 | F12: 서울드래곤시티 인스타일 | G12: 서귀포KAL호텔 | H12: 제주팀 | I12: 정재윤 | J12: 90000
B13: 소 계 | J13: =SUM(J4:J12) -> 860000
A14: 구분 | B14: No | C14: 배달일자 | D14: 상품명 | E14: 발주자 | F14: 배송지 | G14: 사유 | H14: 요청팀 | I14: 수령인 | J14: 금액 | K14: 비고
A15: 임직원
B17: 소 계 | J17: =SUM(J15:J16) -> 0
A18: 구분 | B18: No | C18: 배달일자 | D18: 상품명 | E18: 발주자 | F18: 배송지 | H18: 요청팀 | I18: 수령인 | J18: 금액 | K18: 비고
A19: 사내 조경
B21: 소 계 | J21: =SUM(J19:J20) -> 0
A22: 합 계 | J22: =SUM(J13,J17,J21) -> 860000

Sheet 5월
A1: 2023년 5월 경조화환 발주 내역
J2: 단위:원(VAT 비대상)
A3: 구분 | B3: No | C3: 배달일자 | D3: 상품명 | E3: 발주자 | F3: 배송지 | G3: 거래처 명 | H3: 요청팀 | I3: 수령인 | J3: 금액 | K3: 비고
A4: 거래처 | B4: 1 | C4: 45054 | D4: 근조화환 | F4: 서울 성모병원장례식장 | I4: 성광영 | J4: 90000
B5: 2 | C5: 45056 | D5: 근조화환 | E5: 이상훈 | F5: 파주 운정장례식장 | G5: - | H5: 부사장님 | I5: 정종원 | J5: 90000
B6: 3 | C6: 45061 | D6: 이전축하 난 | E6: 이상훈 | F6: 동아탱커 | G6: 동아탱커 | H6: 총무팀 | I6: 동아탱커 | J6: 100000
B7: 4 | C7: 45061 | D7: 근조화환 | E7: 이상훈 | F7: 부산영락공원장례식장 | G7: 필리핀항공 | H7: 동남아5팀 | I7: 황원준 | J7: 90000
B8: 5 | C8: 45065 | D8: 근조화환 | E8: 이상훈 | F8: 삼육서울병원 | I8: 주연경 | J8: 90000
B9: 6 | C9: 45069 | D9: 근조화환 | E9: 이상훈 | F9: 대구의료원 | G9: 랜드스타 | H9: 부산상품영업팀 | I9: 박효창 | J9: 90000
B10: 7 | C10: 45072 | D10: 축하화환 | E10: 박상욱 | F10: 라마다 서울 신도림 호텔 2F 그랜드볼룸홀 | G10: 채널오투오 | H10: 마케팅기획팀 | I10: 이송원 | J10: 90000
B11: 8 | C11: 45073 | D11: 근조화환 | E11: 박상욱 | F11: 남원의료원 | G11: 대한레슬링협회 | H11: 법인영업팀 | I11: 최진영 | J11: 110000
B12: 소 계 | J12: =SUM(J4:J11) -> 750000
A13: 구분 | B13: No | C13: 배달일자 | D13: 상품명 | E13: 발주자 | F13: 배송지 | G13: 사유 | H13: 요청팀 | I13: 수령인 | J13: 금액 | K13: 비고
A14: 임직원 | B14: 1 | C14: 45055 | D14: 테라리움 | E14: 이상훈 | F14: 노랑풍선 | G14: - | H14: 부사장님 | I14: 최명선 | J14: 250000
B15: 2 | C15: 45058 | D15: 근조화환 | E15: 이상훈 | F15: 광주 VIP장례타운 | G15: 인솔자 부친상 | H15: 유럽2사업부 | I15: 이승호 | J15: 90000
B16: 3 | C16: 45059 | D16: 축하화환 | E16: 이상훈 | F16: JK아트컨벤션 | G16: 본인 결혼 | H16: 판매제휴1팀 | I16: 이영균 | J16: 90000
B17: 4 | C17: 45064 | D17: 축하화환 | E17: 이상훈 | F17: 웨딩헤너스 | G17: 본인 결혼 | H17: 동남아5팀 | I17: 박진성 | J17: 90000
B18: 5 | C18: 45065 | D18: 축하화환 | E18: 이상훈 | F18: 서울시 노원구 동일로208길 20 | G18: 본인 결혼 | H18: 일본1팀 | I18: 이혜진 | J18: 100000
B19: 소 계 | J19: =SUM(J14:J18) -> 620000
A20: 구분 | B20: No | C20: 배달일자 | D20: 상품명 | E20: 발주자 | F20: 배송지 | H20: 요청팀 | I20: 수령인 | J20: 금액 | K20: 비고
A21: 사내 조경
B23: 소 계 | J23: =SUM(J21:J22) -> 0
A24: 합 계 | J24: =SUM(J12,J19,J23) -> 1370000

Sheet 6월
A1: 2023년 6월 경조화환 발주 내역
J2: 단위:원(VAT 비대상)
A3: 구분 | B3: No | C3: 배달일자 | D3: 상품명 | E3: 발주자 | F3: 배송지 | G3: 거래처 명 | H3: 요청팀 | I3: 수령인 | J3: 금액 | K3: 비고
A4: 거래처 | B4: 1 | C4: 45087 | D4: 축하화환 | E4: 이상훈 | F4: 서울 영등포 더파티룸 | G4: 그리다 | I4: 홍정협 | J4: 90000
B5: 2 | C5: 45094 | D5: 축하화환 | E5: 이상훈 | F5: 서울 엘리에나 호텔 | G5: - | H5: 사장님 | I5: 박건우 | J5: 130000
B6: 3 | C6: 45094 | D6: 축하화환 | E6: 이상훈 | F6: 서울 엘리에나 호텔 | H6: 재무본부장님 | I6: 박건우 | J6: 90000
B7: 4 | C7: 45094 | D7: 축하화환 | E7: 이상훈 | F7: 서울 엘리에나 호텔 | H7: IT 본부장님 | I7: 박건우 | J7: 90000
B8: 5 | C8: 45097 | D8: 축하 화분 | E8: 이상훈 | F8: 대구 중구점 | H8: 대리점영업팀/이정훈B | I8: 김미경 | J8: 100000
B9: 6
B10: 7
B11: 8
B12: 소 계 | J12: =SUM(J4:J11) -> 500000
A13: 구분 | B13: No | C13: 배달일자 | D13: 상품명 | E13: 발주자 | F13: 배송지 | G13: 사유 | H13: 요청팀 | I13: 수령인 | J13: 금액 | K13: 비고
A14: 임직원 | B14: 1 | C14: 45087 | D14: 축하화환 | E14: 이상훈 | F14: 인천 삼산월드컨벤션센터 | G14: 본인 결혼 | H14: 일본2팀 | I14: 오상미 | J14: 90000
B15: 2
B16: 3
B17: 4
B18: 5
B19: 소 계 | J19: =SUM(J14:J18) -> 90000
A20: 구분 | B20: No | C20: 배달일자 | D20: 상품명 | E20: 발주자 | F20: 배송지 | H20: 요청팀 | I20: 수령인 | J20: 금액 | K20: 비고
A21: 사내 조경
B23: 소 계 | J23: =SUM(J21:J22) -> 0
A24: 합 계 | J24: =SUM(J12,J19,J23) -> 590000

Sheet 7월
A1: 2023년 7월 경조화환 발주 내역
J2: 단위:원(VAT 비대상)
A3: 구분 | B3: No | C3: 배달일자 | D3: 상품명 | E3: 발주자 | F3: 배송지 | G3: 거래처 명 | H3: 요청팀 | I3: 수령인 | J3: 금액 | K3: 비고
A4: 거래처 | B4: 1 | C4: 45110 | D4: 승진 축하 | E4: 박상욱 | F4: 싱가포르항공 | G4: 싱가포르 항공 | H4: 항공기획팀 / 강수정 | I4: 정재현 | J4: 100000
B5: 2 | C5: 45111 | D5: 영전 축하 | E5: 이상훈 | F5: 아에로 멕시코 / 신용진 지사장 | G5: 아에로멕시코 | H5: 한예림 | I5: 이형준 | J5: 100000
B6: 3 | C6: 45112 | D6: 승진 축하 | E6: 이상훈 | F6: 인투어 | G6: 인투어 | H6: 국내사업부 | I6: 김동심 | J6: 100000
B7: 4 | C7: 45115 | D7: 근조 화환 | E7: 이상훈 | F7: 전주시민장례문화원 | H7: 고재경 회장님 | I7: 송석원 | J7: 130000
B8: 5 | C8: 45124 | D8: 근조 화환 | E8: 박상욱 | F8: 중앙대병원 장례식장 | I8: 경성원 | J8: 90000
B9: 6
B10: 7
B11: 8
B12: 소 계 | J12: =SUM(J4:J11) -> 520000
A13: 구분 | B13: No | C13: 배달일자 | D13: 상품명 | E13: 발주자 | F13: 배송지 | G13: 사유 | H13: 요청팀 | I13: 수령인 | J13: 금액 | K13: 비고
A14: 임직원 | B14: 1 | C14: 45115 | D14: 축하화환 | E14: 이상훈 | F14: 라마다 신도림호텔 | G14: 본인 결혼 | H14: 동남아5팀 | I14: 박준미 | J14: 90000
B15: 2
B16: 3
B17: 4
B18: 5
B19: 소 계 | J19: =SUM(J14:J18) -> 90000
A20: 구분 | B20: No | C20: 배달일자 | D20: 상품명 | E20: 발주자 | F20: 배송지 | H20: 요청팀 | I20: 수령인 | J20: 금액 | K20: 비고
A21: 사내 조경
B23: 소 계 | J23: =SUM(J21:J22) -> 0
A24: 합 계 | J24: =SUM(J12,J19,J23) -> 610000

Sheet 8월
A1: 2023년 8월 경조화환 발주 내역
J2: 단위:원(VAT 비대상)
A3: 구분 | B3: No | C3: 배달일자 | D3: 상품명 | E3: 발주자 | F3: 배송지 | G3: 거래처 명 | H3: 요청팀 | I3: 수령인 | J3: 금액 | K3: 비고
A4: 거래처 | B4: 1 | C4: 45139 | D4: 개업 축하 | E4: 박상욱 | F4: HI-JAPAN | G4: HI-JAPAN | I4: 이문규 | J4: 100000
B5: 2 | C5: 45140 | D5: 이전 축하 | E5: 이상훈 | F5: 제주항공 국제영업팀 | G5: 제주항공 | H5: 부산상품영업팀 | I5: 소회영 | J5: 100000
B6: 3 | C6: 45144 | D6: 근조 화환 | E6: 박상욱 | F6: 은평성모병원 장례식장 | I6: 이경민 | J6: 90000
B7: 4 | C7: 45145 | D7: 근조 화환 | E7: 이상훈 | F7: 제주항공 | G7: 제주항공 | H7: 부산상품영업팀 | I7: 김지훈 | J7: 90000
B8: 5 | C8: 45158 | D8: 근조 화환 | E8: 박상욱 | F8: 군포 자샘병원 장례식장 | I8: 정동열 | J8: 90000
B9: 6 | C9: 45160 | D9: 근조 화환 | E9: 이상훈 | F9: 황산장례문화원 | I9: 윤관식 | J9: 90000
B10: 7 | C10: 45164 | D10: 근조 화환 | E10: 박상욱 | F10: 쉴낙원 인천장례식장 | I10: 황소연 | J10: 90000
B11: 8 | C11: 45165 | D11: 근조 화환 | E11: 박상욱 | F11: 서울대학교 장례식장 | I11: 최태준 | J11: 90000
B12: 소 계 | J12: =SUM(J4:J11) -> 740000
A13: 구분 | B13: No | C13: 배달일자 | D13: 상품명 | E13: 발주자 | F13: 배송지 | G13: 사유 | H13: 요청팀 | I13: 수령인 | J13: 금액 | K13: 비고
A14: 임직원 | B14: 1
B15: 2
B16: 3
B17: 4
B18: 5
B19: 소 계 | J19: =SUM(J14:J18) -> 0
A20: 구분 | B20: No | C20: 배달일자 | D20: 상품명 | E20: 발주자 | F20: 배송지 | H20: 요청팀 | I20: 수령인 | J20: 금액 | K20: 비고
A21: 사내 조경
B23: 소 계 | J23: =SUM(J21:J22) -> 0
A24: 합 계 | J24: =SUM(J12,J19,J23) -> 740000

Sheet 9월
A1: 2023년 9월 경조화환 발주 내역
J2: 단위:원(VAT 비대상)
A3: 구분 | B3: No | C3: 배달일자 | D3: 상품명 | E3: 발주자 | F3: 배송지 | G3: 거래처 명 | H3: 요청팀 | I3: 수령인 | J3: 금액 | K3: 비고
A4: 거래처 | B4: 1 | C4: 45189 | D4: 축하 난 | E4: 이상훈 | F4: 비즈니스포스트 | G4: 비즈니스포스트 | I4: 최영희 | J4: 100000
B5: 2 | C5: 45197 | D5: 근조화환 | E5: 박상욱 | F5: 삼성서울병원장례식장 | G5: 에어캐나다 | I5: 김정호 | J5: 90000
B6: 3
B7: 4
B8: 5
B9: 6
B10: 7
B11: 8
B12: 소 계 | J12: =SUM(J4:J11) -> 190000
A13: 구분 | B13: No | C13: 배달일자 | D13: 상품명 | E13: 발주자 | F13: 배송지 | G13: 사유 | H13: 요청팀 | I13: 수령인 | J13: 금액 | K13: 비고
A14: 임직원 | B14: 1 | C14: 45186 | D14: 축하화환 | E14: 이상훈 | F14: PJ호텔 헤스티아홀 | G14: 본인 결혼 | H14: 정산팀 | I14: 유림 | J14: 90000
B15: 2 | C15: 45192 | D15: 축하화환 | E15: 이상훈 | F15: 더파티움 | G15: 본인 결혼 | I15: 김윤주 | J15: 90000
B16: 3 | C16: 45192 | D16: 축하화환 | E16: 이상훈 | F16: 웨딩그룹 위더스 | G16: 본인 결혼 | I16: 장서린 | J16: 90000
B17: 4 | C17: 45194 | D17: 축하화분 | E17: 이상훈 | F17: 인천 남동구 | G17: 본인 결혼 | I17: 이애리 | J17: 100000
B18: 5
B19: 소 계 | J19: =SUM(J14:J18) -> 370000
A20: 구분 | B20: No | C20: 배달일자 | D20: 상품명 | E20: 발주자 | F20: 배송지 | H20: 요청팀 | I20: 수령인 | J20: 금액 | K20: 비고
A21: 사내 조경
B23: 소 계 | J23: =SUM(J21:J22) -> 0
A24: 합 계 | J24: =SUM(J12,J19,J23) -> 560000

Sheet 10월
A1: 2023년 10월 경조화환 발주 내역
J2: 단위:원(VAT 비대상)
A3: 구분 | B3: No | C3: 배달일자 | D3: 상품명 | E3: 발주자 | F3: 배송지 | G3: 거래처 명 | H3: 요청팀 | I3: 수령인 | J3: 금액 | K3: 비고
A4: 거래처 | B4: 1 | C4: 45201 | D4: 근조화환 | E4: 박상욱 | F4: 효자원장례식장 | H4: 최명선 부사장님 | I4: 상주 | J4: 90000
B5: 2 | C5: 45204 | D5: 축하화환 | E5: 박상욱 | F5: 한화손해보험 / 하재현 상무 | G5: 한화손해보험 | I5: 하재현 | J5: 100000
B6: 3 | C6: 45205 | D6: 축하 난 | E6: 박상욱 | F6: 아비아렙스코리아 이은경 대표 | G6: 아비아렙스코리아 | I6: 이은경 | J6: 100000
B7: 4 | C7: 45223 | D7: 축하 난 | E7: 이상훈 | F7: 티엔엠 / 김윤승 님 | G7: 티엔엠 | H7: 최명선 부사장님 | I7: 김윤승 | J7: 100000
B8: 5 | C8: 45223 | D8: 축하 난 | E8: 이상훈 | F8: 티엔엠 / 김윤승 님 | G8: 티엔엠 | H8: 김진국 사장님 | I8: 김윤승 | J8: 100000
B9: 6 | C9: 45227 | D9: 축하화환 | E9: 박상욱 | F9: 인터불고 원주 / 신부측 | H9: 최명선 부사장님 | J9: 90000
B10: 7
B11: 8
B12: 소 계 | J12: =SUM(J4:J11) -> 580000
A13: 구분 | B13: No | C13: 배달일자 | D13: 상품명 | E13: 발주자 | F13: 배송지 | G13: 사유 | H13: 요청팀 | I13: 수령인 | J13: 금액 | K13: 비고
A14: 임직원 | B14: 1 | C14: 45220 | D14: 축하화환 | E14: 이상훈 | F14: 파주 운전 규수당웨딩 | G14: 본인 결혼 | I14: 김만기 | J14: 90000
B15: 2
B16: 3
B17: 4
B18: 5
B19: 소 계 | J19: =SUM(J14:J18) -> 90000
A20: 구분 | B20: No | C20: 배달일자 | D20: 상품명 | E20: 발주자 | F20: 배송지 | H20: 요청팀 | I20: 수령인 | J20: 금액 | K20: 비고
A21: 사내 조경
B23: 소 계 | J23: =SUM(J21:J22) -> 0
A24: 합 계 | J24: =SUM(J12,J19,J23) -> 670000

Sheet 11월
A1: 2023년 11월 경조화환 발주 내역
J2: 단위:원(VAT 비대상)
A3: 구분 | B3: No | C3: 배달일자 | D3: 상품명 | E3: 발주자 | F3: 배송지 | G3: 거래처 명 | H3: 요청팀 | I3: 수령인 | J3: 금액 | K3: 비고
A4: 거래처 | B4: 1 | C4: 45231 | D4: 근조화환 | E4: 이상훈 | F4: 합천 고려병원장례식장 / | H4: 김진국 사장님 | I4: 상주 | J4: 90000
B5: 2 | C5: 45231 | D5: 축하 난 | E5: 이상훈 | F5: 서울 구로구 디지털로 24 | G5: 하인스㈜, 비케이㈜ | H5: 김현숙 상무 | J5: 100000
B6: 3 | C6: 45233 | D6: 축하 난 | E6: 박상욱 | F6: 현대홈쇼핑 / 한광영 | G6: 현대홈쇼핑 | H6: 유럽2 사업부 | J6: 100000
B7: 4 | C7: 45237 | D7: 근조화환 | E7: 이상훈 | F7: 서울 성모병원 장례식장 / 노현종 | G7: sk스토어 | J7: 90000
B8: 5 | C8: 45239 | D8: 근조화환 | E8: 이상훈 | F8: 포항e 요양병원장례식장 / 박대용 | J8: 90000
B9: 6 | C9: 45239 | D9: 근조화환 | E9: 이상훈 | F9: 인천세종병원장례식장 / | G9: 대한항공 | H9: 내륙팀 | I9: 이태호 | J9: 90000
B10: 7 | C10: 45244 | D10: 근조화환 | E10: 이상훈 | F10: 순천향부천장례식장 / 상주 이승덕 | J10: 90000
B11: 8 | C11: 45252 | D11: 서양난 | E11: 박상욱 | F11: 터키항공 | G11: 터키항공 | I11: 홍석훈 | J11: 100000
B12: 9 | C12: 45258 | D12: 축하 난 | E12: 이상훈 | F12: 제주항공 | G12: 제주항공 | H12: 동남아 5팀 | I12: 김태우 | J12: 200000
B13: 10 | C13: 45258 | D13: 축하 난 | E13: 이상훈 | F13: 팍스투어 김영아 | G13: 팍스투어 | I13: 김영아 | J13: 100000
B14: 11 | C14: 45258 | D14: 근조화환 | E14: 이상훈 | F14: 길병원 장례식장 | H14: 유럽3팀 | I14: 정유라 | J14: 90000
B15: 12 | C15: 45260 | D15: 축하 난 | E15: 이상훈 | F15: 키움증권 | J15: 100000
B17: 소 계 | J17: =SUM(J4:J16) -> 1240000
A18: 구분 | B18: No | C18: 배달일자 | D18: 상품명 | E18: 발주자 | F18: 배송지 | G18: 사유 | H18: 요청팀 | I18: 수령인 | J18: 금액 | K18: 비고
A19: 임직원 | B19: 1 | C19: 45235 | D19: 축하화환 | E19: 이상훈 | F19: 가천컨벤션센터 | G19: 경조 | H19: 항공기획팀 | I19: 김후형 | J19: 90000
B20: 2 | C20: 45241 | D20: 축하화환 | E20: 이상훈 | F20: 대구 뉴욕 뉴욕 // 최원석 | G20: 경조 | H20: 유럽3팀 | I20: 최원석 | J20: 90000
B21: 3 | C21: 45242 | D21: 축하화환 | E21: 이상훈 | F21: 우리은행 본점 / 오슬기 | G21: 경조 | H21: 유럽3팀 | J21: 90000
B22: 4 | C22: 45254 | D22: 축하화분 | E22: 이상훈 | F22: 경영기획팀 / 이애림 | G22: 경조 | H22: 경영기획팀 | J22: 100000
B23: 5
B24: 소 계 | J24: =SUM(J19:J23) -> 370000
A25: 구분 | B25: No | C25: 배달일자 | D25: 상품명 | E25: 발주자 | F25: 배송지 | H25: 요청팀 | I25: 수령인 | J25: 금액 | K25: 비고
A26: 사내 조경
B28: 소 계 | J28: =SUM(J26:J27) -> 0
A29: 합 계 | J29: =SUM(J17,J24,J28) -> 1610000

Sheet 12월
A1: 2023년 12월 경조화환 발주 내역
J2: 단위:원(VAT 비대상)
A3: 구분 | B3: No | C3: 배달일자 | D3: 상품명 | E3: 발주자 | F3: 배송지 | G3: 거래처 명 | H3: 요청팀 | I3: 수령인 | J3: 금액 | K3: 비고
A4: 거래처 | B4: 1 | C4: 45261 | D4: 축하 난 | E4: 이상훈 | F4: 진에서 부산지점 | H4: 부산상품영업팀 | I4: 박규나 | J4: 100000
B5: 2 | C5: 45265 | D5: 축하 난 | E5: 이상훈 | F5: 카타르항공 / 최정은 | H5: 유럽4팀 | I5: 최정은 | J5: 100000
B6: 3 | C6: 45265 | D6: 축하 난 | E6: 이상훈 | F6: 제일기획 / 김민욱 | G6: 제일기획 | H6: 마케팅기획팀 | I6: 김민욱 | J6: 100000
B7: 4 | C7: 45266 | D7: 근조화환 | E7: 이상훈 | F7: 온종합병원장례식장 | I7: 윤성옥 | J7: 90000
B8: 5 | C8: 45277 | D8: 축하 난 | E8: 박상욱 | F8: 제일기획 / 김민욱 | G8: 제일기획 | J8: 100000
B9: 6 | C9: 45278 | D9: 근조화환 | E9: 박상욱 | F9: 일산동국대학교 장례식장 | G9: 아주경제신문 | I9: 오종석 | J9: 90000
B10: 7 | C10: 45281 | D10: 축하 난 | E10: 이상훈 | F10: 비즈플레이 심우진 이사 | G10: 비즈플레이 | H10: 법인영업팀 | I10: 심우진 | J10: 100000
B11: 8 | C11: 45286 | D11: 근조화환 | E11: 박상욱 | F11: 제주 서귀포 동성수산회집 | H11: 김현숙 전무님 | J11: 90000
B12: 소 계 | J12: =SUM(J4:J11) -> 770000
A13: 구분 | B13: No | C13: 배달일자 | D13: 상품명 | E13: 발주자 | F13: 배송지 | G13: 사유 | H13: 요청팀 | I13: 수령인 | J13: 금액 | K13: 비고
A14: 임직원 | B14: 1 | C14: 45276 | D14: 축하화환 | E14: 이상훈 | F14: 호텔인터네셔날 누벨르홀 | G14: 본인결혼 | H14: 해외항공상담발권팀 | I14: 변수연 | J14: 90000
B15: 2
B16: 3
B17: 4
B18: 5
B19: 소 계 | J19: =SUM(J14:J18) -> 90000
A20: 구분 | B20: No | C20: 배달일자 | D20: 상품명 | E20: 발주자 | F20: 배송지 | H20: 요청팀 | I20: 수령인 | J20: 금액 | K20: 비고
A21: 사내 조경
B23: 소 계 | J23: =SUM(J21:J22) -> 0
A24: 합 계 | J24: =SUM(J12,J19,J23) -> 860000

Sheet Sheet1
A1: 싱가포르 항공
