Workbook

Sheet 총계
A1: 2025 경조화환 지출 내역(성원플라워)
A3: VAT 비대상
A4: 구분 | B4: 1월 | C4: 2월 | D4: 3월 | E4: 4월 | F4: 5월 | G4: 6월 | H4: 7월 | I4: 8월 | J4: 9월 | K4: 10월 | L4: 11월 | M4: 12월 | N4: 합계
A5: 거래처 (접대비) | B5: ='1월'!J25 -> 800000 | C5: ='2월'!J27 -> 700000 | D5: ='3월'!J22 -> 1550000 | E5: ='4월'!J29 -> 820000 | F5: ='5월'!J22 -> 460000 | G5: ='6월'!J19 -> 720000 | H5: ='7월'!J19 -> 700000 | I5: ='8월'!J12 -> 600000 | J5: ='9월'!J15 -> 1100000 | K5: ='10월'!J19 -> 800000 | L5: ='11월'!J17 -> 800000 | M5: ='12월'!J18 -> 1350000 | N5: =SUM(B5:M5) -> 10400000
A6: 임직원 (복리후생비/경조금) | B6: ='1월'!J29 -> 100000 | C6: ='2월'!J32 -> 0 | D6: ='3월'!J26 -> 200000 | E6: ='4월'!J33 -> 100000 | F6: ='5월'!J29 -> 0 | G6: ='6월'!J26 -> 90000 | H6: ='7월'!J26 -> 0 | J6: ='9월'!J22 -> 300000 | K6: ='10월'!J26 -> 300000 | L6: ='11월'!J24 -> 100000 | M6: ='12월'!J25 -> 200000 | N6: =SUM(B6:M6) -> 1390000
A7: 사내조경 (소모품비) | B7: ='1월'!J33 -> 0 | C7: 0 | D7: ='3월'!J30 -> 0 | E7: ='4월'!J37 -> 0 | F7: ='5월'!J33 -> 150000 | N7: =SUM(B7:M7) -> 150000
A8: 합계 | B8: ='1월'!J34 -> 900000 | C8: ='2월'!J37 -> 700000 | D8: ='3월'!J31 -> 1750000 | E8: ='4월'!J38 -> 920000 | F8: ='5월'!J34 -> 610000 | G8: ='6월'!J31 -> 810000 | H8: ='7월'!J31 -> 700000 | I8: ='8월'!J24 -> 700000 | J8: ='9월'!J27 -> 1400000 | K8: ='10월'!J31 -> 1100000 | L8: ='11월'!J29 -> 900000 | M8: ='12월'!J30 -> 1550000 | N8: =SUM(B8:M8) -> 12040000
A9: 전월 대비 증감액 | B9: 0 | C9: =C8-B8 -> -200000 | D9: =D8-C8 -> 1050000 | E9: =E8-D8 -> -830000 | F9: =F8-E8 -> -310000 | G9: =G8-F8 -> 200000 | H9: =H8-G8 -> -110000 | I9: =I8-H8 -> 0 | J9: =J8-I8 -> 700000 | ... M9: =M8-L8 -> 650000

Sheet 1월
A1: 2026년 1월 경조화환 발주 내역
J2: 단위:원(VAT 비대상)
A3: 구분 | B3: No | C3: 배달일자 | D3: 상품명 | E3: 발주자 | F3: 배송지 | G3: 거래처 명 | H3: 요청팀 | I3: 수령인 | J3: 금액 | K3: 비고
A4: 거래처 | B4: 1 | C4: 46024 | D4: 동양난 | E4: 이상훈 | F4: 팬아시아에어 | G4: 팬아시아에어 | H4: 필리핀팀 | I4: 이상철 | J4: 100000
B5: 2 | C5: 46031 | D5: 화분 | E5: 이상훈 | F5: 부산 아시아나세이버 | G5: 아시아나세이버 | H5: 부산상품팀 | I5: 홍석정 | J5: 100000
B6: 3 | C6: 46032 | D6: 근조화환 | E6: 박상욱 | F6: 창원시립상복공원장례식장 | G6: 아주투어 | I6: 헬렌영박 | J6: 100000
B7: 4 | C7: 46032 | D7: 근조화환 | E7: 이상훈 | F7: 좌천봉생병원장례식장 | I7: 고 최정순 | J7: 100000
B8: 5 | C8: 46036 | D8: 동양난 | E8: 이상훈 | F8: 진에어 비서실 | G8: 진에어 | H8: 항공기획팀 | I8: 박병률 | J8: 100000
B9: 6 | C9: 46036 | D9: 근조화환 | E9: 이상훈 | F9: 포천장례문화원 | G9: 에어마카오 | H9: 홍콩/대만팀 | I9: 박지은 | J9: 100000
B10: 7 | C10: 46045 | D10: 근조화환 | E10: 이상훈 | F10: 서울아산병원 | G10: 비즈플레이 | I10: 김홍기 | J10: 100000
B11: 8 | C11: 46047 | D11: 축하화환 | E11: 이상훈 | F11: 상록아트홀 | G11: 아이이노베이션 | H11: 법인영업팀 | I11: 서혜지 | J11: 100000
B12: 9
B13: 10
B14: 11
B15: 12
B16: 13
B17: 14
B18: 15
B19: 16
B20: 17
B21: 18
B22: 19
B23: 20
B24: 21
B25: 소 계 | J25: =SUM(J4:J24) -> 800000
A26: 구분 | B26: No | C26: 배달일자 | D26: 상품명 | E26: 발주자 | F26: 배송지 | G26: 사유 | H26: 요청팀 | I26: 수령인 | J26: 금액 | K26: 비고
A27: 임직원 | C27: 46032 | D27: 축하화환 | E27: 이상훈 | F27: 위더스 안양 | G27: 본인결혼 | H27: 큐슈/북해도팀 | I27: 이종미 | J27: 100000
B29: 소 계 | J29: =SUM(J27:J28) -> 100000
A30: 구분 | B30: No | C30: 배달일자 | D30: 상품명 | E30: 발주자 | F30: 배송지 | H30: 요청팀 | I30: 수령인 | J30: 금액 | K30: 비고
A31: 사내 조경
B33: 소 계 | J33: =SUM(J31:J32) -> 0
A34: 합 계 | J34: =SUM(J25,J29,J33) -> 900000

Sheet 2월
A1: 2026년 2월 경조화환 발주 내역
J2: 단위:원(VAT 비대상)
A3: 구분 | B3: No | C3: 배달일자 | D3: 상품명 | E3: 발주자 | F3: 배송지 | G3: 거래처 명 | H3: 요청팀 | I3: 수령인 | J3: 금액 | K3: 비고
A4: 거래처 | B4: 1 | C4: 46054 | D4: 축하화환 | E4: 이상훈 | F4: 메종글래드 제주 | G4: 땡큐제주렌트카 | H4: 국내상품팀 | I4: 양백윤 | J4: 100000
B5: 2 | C5: 46055 | D5: 동양난 | E5: 이상훈 | F5: 대한항공 부산여객지점 | G5: 대한항공 | H5: 부산상품팀 | I5: 유종욱 | J5: 100000
B6: 3 | C6: 46056 | D6: 금전수 | E6: 이상훈 | F6: 캐세이퍼시픽 | G6: 캐세이퍼시픽 | H6: 항공기획팀 | I6: 양석호 | J6: 100000
B7: 4 | C7: 46057 | D7: 과일바구니 | E7: 이상훈 | F7: 영등포 신세계서울병원 | I7: 김선민 | J7: 100000
B8: 5 | C8: 46058 | D8: 동양난 | E8: 이상훈 | F8: 엑스트라이버 | G8: 엑스트라이버 | H8: 제휴영업팀 | I8: 박상훈 | J8: 100000
B9: 6 | C9: 46063 | D9: 근조화환 | E9: 이상훈 | F9: 부산보훈병원장례식장 | G9: 투어비 | H9: 부산상품팀 | I9: 서지연 | J9: 100000
B10: 7 | C10: 46064 | D10: 동양난 | E10: 이상훈 | F10: 카타르항공 | G10: 카타르항공 | H10: 동유럽 발칸팀 | I10: 아흐마드 | J10: 100000
B11: 8
B12: 9
B13: 10
B14: 11
B15: 12
B16: 13
B17: 14
B18: 15
B19: 16
B20: 17
B21: 18
B22: 19
... B26: 23
B27: 소 계 | J27: =SUM(J4:J26) -> 700000
A28: 구분 | B28: No | C28: 배달일자 | D28: 상품명 | E28: 발주자 | F28: 배송지 | G28: 사유 | H28: 요청팀 | I28: 수령인 | J28: 금액 | K28: 비고
A29: 임직원 | B29: 1
B30: 2
B32: 소 계 | J32: =SUM(J29:J30) -> 0
A33: 구분 | B33: No | C33: 배달일자 | D33: 상품명 | E33: 발주자 | F33: 배송지 | H33: 요청팀 | I33: 수령인 | J33: 금액 | K33: 비고
A34: 사내 조경
B36: 소 계 | J36: =SUM(J34:J35) -> 0
A37: 합 계 | J37: =SUM(J27,J32,J36) -> 700000

Sheet 3월
A1: 202년 3월 경조화환 발주 내역
J2: 단위:원(VAT 비대상)
A3: 구분 | B3: No | C3: 배달일자 | D3: 상품명 | E3: 발주자 | F3: 배송지 | G3: 거래처 명 | H3: 요청팀 | I3: 수령인 | J3: 금액 | K3: 비고
A4: 거래처 | B4: 1 | C4: 45724 | D4: 근조스탠드 | E4: 이상훈 | F4: 건국대병원장례식장 | I4: 김진국 | J4: 250000
B5: 2 | C5: 45724 | D5: 근조화환 | E5: 이상훈 | F5: 건국대병원장례식장 | I5: 김진국 | J5: 100000
B6: 3 | C6: 45724 | D6: 근조화환 | E6: 이상훈 | F6: 건국대병원장례식장 | H6: 노랑풍선시티버스 | I6: 김진국 | J6: 100000
B7: 4 | C7: 45724 | D7: 근조화환 | E7: 이상훈 | F7: 건국대병원장례식장 | H7: 노랑풍선 재팬 | I7: 김진국 | J7: 100000
B8: 5 | C8: 45726 | D8: 화분 | E8: 이상훈 | F8: 에어서울 | G8: 에어서울 | H8: 동남아5팀 | I8: 이영진 | J8: 100000
B9: 6 | C9: 45730 | D9: 동양난 | E9: 이상훈 | F9: 대정읍 신평리 371-3 | H9: 김현숙 부사장 | I9: 박정환 | J9: 100000
B10: 7 | C10: 45738 | D10: 축하화환 | E10: 이상훈 | F10: 센텀사이언스파크 웨딩홀 | G10: 중화항공 | H10: 부산상품팀 | I10: 정애리 | J10: 100000
B11: 8 | C11: 45740 | D11: 근조화환 | E11: 이상훈 | F11: 은평성모병원장례식장 | H11: 미주/남태평양팀 | I11: 형송민 | J11: 100000
B12: 9 | C12: 45742 | D12: 근조화환 | E12: 이상훈 | F12: 당진중앙장례식장 | G12: 라파엘여행사 | H12: 대리점항공영업팀 | I12: 유재구 | J12: 100000
B13: 10 | C13: 45747 | D13: 동양난 | E13: 이상훈 | F13: 하나투어 | H13: 김혁진 부사장 | I13: 류창호 | J13: 100000
B14: 11 | C14: 45747 | D14: 동양난 | E14: 이상훈 | F14: 더에이밍커뮤케이션 | G14: 더에이밍커뮤니케이션 | H14: 유럽1팀 | I14: 이신애 | J14: 100000
B15: 12 | C15: 45747 | D15: 근조화환 | E15: 이상훈 | F15: 이대서울병원 | I15: 선완성 | J15: 100000
B16: 13 | C16: 45747 | D16: 근조화환 | E16: 이상훈 | F16: 용인장례식장 | G16: 맥아더글렌 | H16: 유럽4팀 | I16: 이현정 | J16: 100000
B17: 14 | C17: 45747 | D17: 서양난 | E17: 이상훈 | F17: 부산 진에어 | G17: 진에어 | H17: 부산상품팀 | I17: 김혜정 | J17: 100000
B18: 15
B19: 16
B20: 17
B22: 소 계 | J22: =SUM(J4:J21) -> 1550000
A23: 구분 | B23: No | C23: 배달일자 | D23: 상품명 | E23: 발주자 | F23: 배송지 | G23: 사유 | H23: 요청팀 | I23: 수령인 | J23: 금액 | K23: 비고
A24: 임직원 | C24: 45724 | D24: 축하화환 | E24: 이상훈 | F24: 수원법원종합청사 가인홀 | G24: 본인결혼 | H24: 괌/사이판팀 | I24: 이지은 | J24: 100000
C25: 45745 | D25: 축하화환 | E25: 이상훈 | F25: 울주군 더엠컨벤션 피에스타홀 | G25: 본인결혼 | H25: 해외항공발권팀 | I25: 박가을 | J25: 100000
B26: 소 계 | J26: =SUM(J24:J25) -> 200000
A27: 구분 | B27: No | C27: 배달일자 | D27: 상품명 | E27: 발주자 | F27: 배송지 | H27: 요청팀 | I27: 수령인 | J27: 금액 | K27: 비고
A28: 사내 조경
B30: 소 계 | J30: =SUM(J28:J29) -> 0
A31: 합 계 | J31: =SUM(J22,J26,J30) -> 1750000

Sheet 4월
A1: 2025년 4월 경조화환 발주 내역
J2: 단위:원(VAT 비대상)
A3: 구분 | B3: No | C3: 배달일자 | D3: 상품명 | E3: 발주자 | F3: 배송지 | G3: 거래처 명 | H3: 요청팀 | I3: 수령인 | J3: 금액 | K3: 비고
A4: 거래처 | B4: 1 | C4: 45750 | D4: 쌀화환 | E4: 이상훈 | F4: 모두투어 양평점 | H4: 김현숙 | J4: 120000
B5: 2 | C5: 45754 | D5: 동양난 | E5: 이상훈 | F5: 에어부산 국제영업팀 | G5: 에어부산 | H5: 부산상품탐 | I5: 김희진 | J5: 100000
B6: 3 | C6: 45754 | D6: 동양난 | E6: 이상훈 | F6: 에어부산 국제영업팀 | G6: 에어부산 | H6: 부산상품탐 | I6: 김다희 | J6: 100000
B7: 4 | C7: 45756 | D7: 근조화환 | E7: 이상훈 | F7: 신촌 세브란스병원장례식장 | G7: 세계비즈앤스포츠월드 | I7: 전경우 | J7: 100000
B8: 5 | C8: 45760 | D8: 축하화환 | E8: 이상훈 | F8: 제주 메종그랠드호텔 컨벤션 | G8: 부민가자투어 | H8: 제주팀 | I8: 부창우 | J8: 100000
B9: 6 | C9: 45775 | D9: 화분 | E9: 박상욱 | F9: 베스트 아시아 | G9: 베스트아시아 | I9: 강병걸 | J9: 100000
B10: 7 | C10: 45775 | D10: 동양난 | E10: 박상욱 | F10: 미방항운 | G10: 미방항운 | I10: 김성수 | J10: 100000
B11: 8 | C11: 45775 | D11: 동양난 | E11: 박상욱 | F11: 미방항운 | G11: 미방항운 | I11: 양성윤 | J11: 100000
B12: 9
B13: 10
B14: 11
B15: 12
B16: 13
B17: 14
B18: 15
B19: 16
B20: 17
B21: 18
B22: 19
B23: 20
... B26: 23
B29: 소 계 | J29: =SUM(J4:J28) -> 820000
A30: 구분 | B30: No | C30: 배달일자 | D30: 상품명 | E30: 발주자 | F30: 배송지 | G30: 사유 | H30: 요청팀 | I30: 수령인 | J30: 금액 | K30: 비고
A31: 임직원 | C31: 45759 | D31: 축하화환 | E31: 이상훈 | F31: 여의도웨팅컨벤션 | G31: 본인결혼 | H31: 경영기획팀 | I31: 한지호 | J31: 100000
B33: 소 계 | J33: =SUM(J31:J32) -> 100000
A34: 구분 | B34: No | C34: 배달일자 | D34: 상품명 | E34: 발주자 | F34: 배송지 | H34: 요청팀 | I34: 수령인 | J34: 금액 | K34: 비고
A35: 사내 조경
B37: 소 계 | J37: =SUM(J35:J36) -> 0
A38: 합 계 | J38: =SUM(J29,J33,J37) -> 920000

Sheet 5월
A1: 2025년 5월 경조화환 발주 내역
J2: 단위:원(VAT 비대상)
A3: 구분 | B3: No | C3: 배달일자 | D3: 상품명 | E3: 발주자 | F3: 배송지 | G3: 거래처 명 | H3: 요청팀 | I3: 수령인 | J3: 금액 | K3: 비고
A4: 거래처 | B4: 1 | C4: 45791 | D4: 근조 | E4: 이상훈 | F4: 쉴낙원 당진장례식장 | G4: 제이케이 | H4: 동남아5팀 | I4: 인서영 | J4: 90000
B5: 2 | C5: 45798 | D5: 근조 | E5: 이상훈 | F5: 양산부산대병원 장례식장 | H5: 김현숙 부사장 | I5: 박영배 | J5: 90000
B6: 3 | C6: 45803 | D6: 화분 | E6: 이상훈 | F6: 아일리스프런티어 | G6: 아일리스프런티어 | H6: 총무팀 | J6: 100000
B7: 4 | C7: 45804 | D7: 근조 | E7: 이상훈 | F7: 고려대 구로병원장례식장 | H7: 김현숙 부사장 | I7: 백용수 | J7: 90000
B8: 5 | C8: 45805 | D8: 근조 | E8: 이상훈 | F8: 철원병원장례식장 | G8: 뉴스웨이 | I8: 정헌철 | J8: 90000
B9: 6
B10: 7
B11: 8
B12: 9
B13: 10
B14: 11
B15: 12
B16: 13
B17: 14
B18: 15
B19: 16
B20: 17
B21: 18
B22: 소 계 | J22: =SUM(J4:J21) -> 460000
A23: 구분 | B23: No | C23: 배달일자 | D23: 상품명 | E23: 발주자 | F23: 배송지 | G23: 사유 | H23: 요청팀 | I23: 수령인 | J23: 금액 | K23: 비고
A24: 임직원 | B24: 1
B25: 2
B26: 3
B27: 4
B28: 5
B29: 소 계 | J29: =SUM(J24:J28) -> 0
A30: 구분 | B30: No | C30: 배달일자 | D30: 상품명 | E30: 발주자 | F30: 배송지 | H30: 요청팀 | I30: 수령인 | J30: 금액 | K30: 비고
A31: 사내 조경 | C31: 45791 | D31: 화분 | E31: 박상욱 | F31: 본사 | H31: 부사장님 | J31: 150000
B33: 소 계 | J33: =SUM(J31:J32) -> 150000
A34: 합 계 | J34: =SUM(J22,J29,J33) -> 610000

Sheet 6월
A1: 2025년 6월 경조화환 발주 내역
J2: 단위:원(VAT 비대상)
A3: 구분 | B3: No | C3: 배달일자 | D3: 상품명 | E3: 발주자 | F3: 배송지 | G3: 거래처 명 | H3: 요청팀 | I3: 수령인 | J3: 금액 | K3: 비고
A4: 거래처 | B4: 1 | C4: 45813 | D4: 근조화환 | E4: 이상훈 | F4: 김포우리병원장례식장 | G4: 사이판 MRI호텔 | H4: 괌/사이판팀 | I4: 서광원 | J4: 90000
B5: 2 | C5: 45813 | D5: 근조화환 | E5: 이상훈 | F5: 부천장례식장 | I5: 윤상현 | J5: 90000
B6: 3 | C6: 45818 | D6: 동양난 | E6: 이상훈 | F6: 대한항공 | G6: 대한항공 | H6: 유럽3팀 | I6: 허민석 | J6: 90000
B7: 4 | C7: 45820 | D7: 근조화환 | E7: 이상훈 | F7: 정읍장례문화원 | I7: 신용철 | J7: 90000
B8: 5 | C8: 45822 | D8: 축하화환 | E8: 이상훈 | F8: 엘리에나 호텔 | G8: 라파엘여행사 | H8: 대리점항공영업팀 | I8: 유재구 | J8: 90000
B9: 6 | C9: 45833 | D9: 동양난 | E9: 이상훈 | F9: PAA 항공 | G9: PAA 항공 | I9: 민경삼 | J9: 90000
B10: 7 | C10: 45833 | D10: 동양난 | E10: 이상훈 | F10: PAA 항공 | G10: PAA 항공 | I10: 임창현 | J10: 90000
B11: 8 | C11: 45835 | D11: 근조화환 | E11: 이상훈 | F11: 은평성모병원장례식장 | G11: 에티하드항공 | I11: 안진문 | J11: 90000
B12: 9
B13: 10
B14: 11
B15: 12
B16: 13
B17: 14
B18: 15
B19: 소 계 | J19: =SUM(J4:J18) -> 720000
A20: 구분 | B20: No | C20: 배달일자 | D20: 상품명 | E20: 발주자 | F20: 배송지 | G20: 사유 | H20: 요청팀 | I20: 수령인 | J20: 금액 | K20: 비고
A21: 임직원 | B21: 1 | C21: 45814 | D21: 축하화환 | E21: 이상훈 | F21: 루이비스웨딩홀 | G21: 경조 화환 | H21: 일본2팀 | I21: 윤정유 | J21: 90000
B22: 2
B23: 3
B24: 4
B25: 5
B26: 소 계 | J26: =SUM(J21:J25) -> 90000
A27: 구분 | B27: No | C27: 배달일자 | D27: 상품명 | E27: 발주자 | F27: 배송지 | H27: 요청팀 | I27: 수령인 | J27: 금액 | K27: 비고
A28: 사내 조경
B30: 소 계 | J30: =SUM(J28:J29) -> 0
A31: 합 계 | J31: =SUM(J19,J26,J30) -> 810000

Sheet 7월
A1: 2025년 7월 경조화환 발주 내역
J2: 단위:원(VAT 비대상)
A3: 구분 | B3: No | C3: 배달일자 | D3: 상품명 | E3: 발주자 | F3: 배송지 | G3: 거래처 명 | H3: 요청팀 | I3: 수령인 | J3: 금액 | K3: 비고
A4: 거래처 | B4: 1 | C4: 45843 | D4: 축하화환 | E4: 이상훈 | F4: 부산 W웨딩시티 | G4: 더투어네트웍스 | H4: 부산상품팀 | I4: 최아름 | J4: 100000
B5: 2 | C5: 45840 | D5: 동양난 | E5: 이상훈 | F5: 티웨이항공 | G5: 티웨이항공 | H5: 동남아1팀 | I5: 이상윤 | J5: 100000
B6: 3 | C6: 45840 | D6: 동양난 | E6: 이상훈 | F6: 티웨이항공 | G6: 티웨이항공 | H6: 동남아1팀 | I6: 서동빈 | J6: 100000
B7: 4 | C7: 45840 | D7: 동양난 | E7: 이상훈 | F7: 티웨이항공 | G7: 티웨이항공 | H7: 동남아1팀 | I7: 안우진 | J7: 100000
B8: 5 | C8: 45840 | D8: 동양난 | E8: 이상훈 | F8: 현대카드 | G8: 현대카드 | H8: 항공기획팀 | I8: 류창완 | J8: 100000
B9: 6 | C9: 45849 | D9: 근조화환 | E9: 이상훈 | F9: 부산의료원 | G9: 에어부산 | H9: 부산상품팀 | I9: 이재현 | J9: 100000
B10: 7 | C10: 45852 | D10: 근조화환 | E10: 이상훈 | F10: 분당서울대병원 | I10: 김지인 | J10: 100000
B11: 8
B12: 9
B13: 10
B14: 11
B15: 12
B16: 13
B17: 14
B18: 15
B19: 소 계 | J19: =SUM(J4:J18) -> 700000
A20: 구분 | B20: No | C20: 배달일자 | D20: 상품명 | E20: 발주자 | F20: 배송지 | G20: 사유 | H20: 요청팀 | I20: 수령인 | J20: 금액 | K20: 비고
A21: 임직원 | B21: 1
B22: 2
B23: 3
B24: 4
B25: 5
B26: 소 계 | J26: =SUM(J21:J25) -> 0
A27: 구분 | B27: No | C27: 배달일자 | D27: 상품명 | E27: 발주자 | F27: 배송지 | H27: 요청팀 | I27: 수령인 | J27: 금액 | K27: 비고
A28: 사내 조경
B30: 소 계 | J30: =SUM(J28:J29) -> 0
A31: 합 계 | J31: =SUM(J19,J26,J30) -> 700000

Sheet 8월
A1: 2025년 8월 경조화환 발주 내역
J2: 단위:원(VAT 비대상)
A3: 구분 | B3: No | C3: 배달일자 | D3: 상품명 | E3: 발주자 | F3: 배송지 | G3: 거래처 명 | H3: 요청팀 | I3: 수령인 | J3: 금액 | K3: 비고
A4: 거래처 | B4: 1 | C4: 45870 | D4: 동양난 | E4: 이상훈 | F4: 경기대 수원캠퍼스 | H4: 김현숙 부사장 | I4: 이재곤 | J4: 100000
B5: 2 | C5: 45872 | D5: 근조화환 | E5: 이상훈 | F5: 제주 부민장례식장 | G5: 제주항공 | I5: 김동연 | J5: 100000
C6: 45876 | D6: 근조화환 | E6: 이상훈 | F6: 인천세종병원 장례식장 | G6: 티웨이항공 | I6: 양성식 | J6: 100000
C7: 45883 | D7: 동양난 | E7: 이상훈 | F7: ANA항공 | G7: ANA | H7: 항공기획팀 | I7: 김세희 | J7: 100000
C8: 45886 | D8: 근조화환 | E8: 이상훈 | F8: 신촌 세브란스 | G8: 진에어 | I8: 이현수 | J8: 100000
C9: 45896 | D9: 근조화환 | E9: 이상훈 | F9: 서울성모병원 장례식장 | G9: Onnx 본사 | H9: 호텔/엑티비티공급팀 | I9: 김지해 | J9: 100000
J12: =SUM(J4:J11) -> 600000
A13: 구분 | B13: No | C13: 배달일자 | D13: 상품명 | E13: 발주자 | F13: 배송지 | G13: 사유 | H13: 요청팀 | I13: 수령인 | J13: 금액 | K13: 비고
A14: 임직원 | B14: 1 | C14: 45892 | D14: 축하화환 | F14: 그랜드컨벤션 | G14: 본인결혼 | H14: 동남아3팀 | I14: 이우정 | J14: 100000
B15: 2
B16: 3
B17: 4
B18: 5
B19: 소 계 | J19: =SUM(J14:J18) -> 100000
A20: 구분 | B20: No | C20: 배달일자 | D20: 상품명 | E20: 발주자 | F20: 배송지 | H20: 요청팀 | I20: 수령인 | J20: 금액 | K20: 비고
A21: 사내 조경
B23: 소 계 | J23: =SUM(J21:J22) -> 0
A24: 합 계 | J24: =SUM(J12,J19,J23) -> 700000

Sheet 9월
A1: 2025년 9월 경조화환 발주 내역
J2: 단위:원(VAT 비대상)
A3: 구분 | B3: No | C3: 배달일자 | D3: 상품명 | E3: 발주자 | F3: 배송지 | G3: 거래처 명 | H3: 요청팀 | I3: 수령인 | J3: 금액 | K3: 비고
A4: 거래처 | B4: 1 | C4: 45906 | D4: 축하화환 | E4: 이상훈 | F4: 로얄파크컨벤션 | G4: 홍익여행사 | H4: 내륙팀 | I4: 양상승 | J4: 100000
B5: 2 | C5: 45915 | D5: 화분 | E5: 이상훈 | F5: 노랑풍선 본사 | G5: 한화에너지 | H5: 총무팀 | J5: 100000
B6: 3 | C6: 45927 | D6: 축하화환 | E6: 이상훈 | F6: 그랜드모먼트 | G6: 큐브여행사 | H6: 부산/영남영업팀 | I6: 정주영 | J6: 100000
B7: 4 | C7: 45912 | D7: 근조화환 | E7: 이상훈 | F7: 영남대병원장례식장 | G7: 예스투어 | H7: 부산상품팀 | I7: 김용혁 | J7: 100000
B8: 5 | C8: 45920 | D8: 축하화환 | E8: 이상훈 | F8: 브라이드밸리 | G8: 네이버 | H8: 제휴영업1팀 | I8: 류정호 | J8: 100000
B9: 6 | C9: 45920 | D9: 근조화환 | E9: 이상훈 | F9: 워커힐아파트 | G9: 세계여행신문 | H9: 홍보팀 | I9: 최강락 | J9: 100000
B10: 7 | C10: 45921 | D10: 축하화환 | E10: 이상훈 | F10: 월드컵컨벤션 | G10: G마켓 | H10: 제휴영업1팀 | I10: 박상수 | J10: 100000
B11: 8 | C11: 45922 | D11: 근조화환 | E11: 이상훈 | F11: 쉴낙원 서울장례식장 | G11: 톱데일리 | H11: 홍보팀 | I11: 김세연 | J11: 100000
B12: 9 | C12: 45929 | D12: 동양난 | E12: 이상훈 | F12: 에어차이나 | G12: 에어차이나 | H12: 항공기획팀 | I12: 김진혁 | J12: 100000
B13: 10 | C13: 45929 | D13: 동양난 | E13: 이상훈 | F13: 티웨이항공 | G13: 티웨이항공 | H13: 항공기획팀 | I13: 김슬기 | J13: 100000
B14: 11 | C14: 45930 | D14: 동양난 | E14: 이상훈 | F14: 뉴이편한여행 | G14: 뉴이편한여행 | H14: 부산/영남영업팀 | I14: 서동걸 | J14: 100000
B15: 소 계 | J15: =SUM(J4:J14) -> 1100000
A16: 구분 | B16: No | C16: 배달일자 | D16: 상품명 | E16: 발주자 | F16: 배송지 | G16: 사유 | H16: 요청팀 | I16: 수령인 | J16: 금액 | K16: 비고
A17: 임직원 | B17: 1 | C17: 45914 | D17: 축하화환 | E17: 이상훈 | F17: 위더스웨딩홀 | G17: 본인결혼 | H17: 동남아3팀 | I17: 김미현 | J17: 100000
B18: 2 | C18: 45913 | D18: 축하화환 | E18: 이상훈 | F18: 루이비스웨딩홀 | G18: 본인결혼 | H18: 법인영업2팀 | I18: 이지혜 | J18: 100000
B19: 3 | C19: 45928 | D19: 축하화환 | E19: 이상훈 | F19: PJ호텔 뮤즈홀 | G19: 본인결혼 | H19: ADX전략사업팀 | I19: 김은지 | J19: 100000
B20: 4
B21: 5
B22: 소 계 | J22: =SUM(J17:J21) -> 300000
A23: 구분 | B23: No | C23: 배달일자 | D23: 상품명 | E23: 발주자 | F23: 배송지 | H23: 요청팀 | I23: 수령인 | J23: 금액 | K23: 비고
A24: 사내 조경
B26: 소 계 | J26: =SUM(J24:J25) -> 0
A27: 합 계 | J27: =SUM(J15,J22,J26) -> 1400000

Sheet 10월
A1: 2025년 10월 경조화환 발주 내역
J2: 단위:원(VAT 비대상)
A3: 구분 | B3: No | C3: 배달일자 | D3: 상품명 | E3: 발주자 | F3: 배송지 | G3: 거래처 명 | H3: 요청팀 | I3: 수령인 | J3: 금액 | K3: 비고
A4: 거래처 | B4: 1 | C4: 45941 | D4: 축하화환 | E4: 이상훈 | F4: 라비에벨웨딩 | I4: 백장미 | J4: 100000
B5: 2 | C5: 45944 | D5: 근조화환 | E5: 이상훈 | F5: 부산 시민장례식장 | G5: 여우투어 | H5: 부산/영남 영업팀 | I5: 박귀란 | J5: 100000
B6: 3 | C6: 45946 | D6: 근조화환 | E6: 이상훈 | F6: 여의도 성모병원 | I6: 김수영 | J6: 100000
B7: 4 | C7: 45955 | D7: 축하화환 | E7: 이상훈 | F7: 더링크호텔 서울 | G7: 트립토파즈 | H7: 제휴영업1팀 | I7: 한소연 | J7: 100000
B8: 5 | C8: 45953 | D8: 근조화환 | E8: 이상훈 | F8: 여의도 성모병원 | G8: 투어넷 하와이 | H8: 허니문팀 | I8: 정영관 | J8: 100000
B9: 6 | C9: 45954 | D9: 근조화환 | E9: 이상훈 | F9: 김해 교원예움 김해장례식장 | G9: 아시아나항공 | H9: 부산상품팀 | I9: 이태훈 | J9: 100000
B10: 7 | C10: 45954 | D10: 동양난 | E10: 박상욱 | F10: 대한항공 | G10: 대한항공 | I10: 이태욱 | J10: 100000
B11: 8 | C11: 45958 | D11: 근조화환 | E11: 이상훈 | F11: 서울성모병원 | G11: 에즈금융서비스 | H11: 법인영업1팀 | I11: 이태형 | J11: 100000
B12: 9
B13: 10
B14: 11
B15: 12
B16: 13
B17: 14
B18: 15
B19: 소 계 | J19: =SUM(J4:J18) -> 800000
A20: 구분 | B20: No | C20: 배달일자 | D20: 상품명 | E20: 발주자 | F20: 배송지 | G20: 사유 | H20: 요청팀 | I20: 수령인 | J20: 금액 | K20: 비고
A21: 임직원 | B21: 1 | C21: 45948 | D21: 축하화환 | E21: 이상훈 | F21: MJ컨벤션 | G21: 본인 결혼 | H21: 중국팀 | I21: 이유정 | J21: 100000
B22: 2 | C22: 45955 | D22: 축하화환 | E22: 이상훈 | F22: 한국경제신문사 루이비스 웨딩홀 | G22: 본인 결혼 | H22: 동남아1팀 | I22: 박지훈 | J22: 100000
B23: 3 | C23: 45955 | D23: 축하화환 | E23: 이상훈 | F23: 당산 그랜드컨벤션 | G23: 본인 결혼 | H23: 자금정산팀 | I23: 서민정 | J23: 100000
B24: 4
B25: 5
B26: 소 계 | J26: =SUM(J21:J25) -> 300000
A27: 구분 | B27: No | C27: 배달일자 | D27: 상품명 | E27: 발주자 | F27: 배송지 | H27: 요청팀 | I27: 수령인 | J27: 금액 | K27: 비고
A28: 사내 조경
B30: 소 계 | J30: =SUM(J28:J29) -> 0
A31: 합 계 | J31: =SUM(J19,J26,J30) -> 1100000

Sheet 11월
A1: 2025년 11월 경조화환 발주 내역
J2: 단위:원(VAT 비대상)
A3: 구분 | B3: No | C3: 배달일자 | D3: 상품명 | E3: 발주자 | F3: 배송지 | G3: 거래처 명 | H3: 요청팀 | I3: 수령인 | J3: 금액 | K3: 비고
A4: 거래처 | B4: 1 | C4: 45962 | D4: 근조화환 | E4: 이상훈 | F4: 서울성모병원 장례식장 | G4: 아시아나항공 | J4: 100000
B5: 2 | C5: 45964 | D5: 동양난 | E5: 이상훈 | F5: JL 항공 | G5: JL항공 | H5: 항공기획팀 | I5: 김관현 | J5: 100000
B6: 3 | C6: 45971 | D6: 화분 | E6: 이상훈 | F6: 티웨이항공 부산판매지점 | G6: 티웨이항공 | H6: 부산상품팀 | I6: 박준홍 | J6: 100000
B7: 4 | C7: 45971 | D7: 근조화환 | E7: 이상훈 | F7: 적십자병원 장례식장 | G7: 비프페이 | H7: 내륙팀 | I7: 이지선 | J7: 100000
B8: 5 | C8: 45976 | D8: 축하화환 | E8: 이상훈 | F8: 웨딩여율리 | G8: 삼구아이앤씨 | H8: 총무팀 | I8: 장병욱 | J8: 100000
B9: 6 | C9: 45984 | D9: 축하화환 | E9: 이상훈 | F9: 상록아트홀 | G9: 괌정부관광청 | H9: 괌/사이판팀 | I9: 곽동수 | J9: 100000
B10: 7 | C10: 45980 | D10: 화분 | E10: 이상훈 | F10: 충남문화관광재단 | G10: 충남문화관광재단 | H10: 내륙팀 | I10: 최동석 | J10: 100000
B11: 8 | C11: 45988 | D11: 근조화환 | E11: 이상훈 | F11: 한림대 성심병원장례식장 | G11: 핀포인트뉴스 | I11: 최영희 | J11: 100000
B12: 9
B13: 10
B14: 11
B15: 12
B17: 소 계 | J17: =SUM(J4:J16) -> 800000
A18: 구분 | B18: No | C18: 배달일자 | D18: 상품명 | E18: 발주자 | F18: 배송지 | G18: 사유 | H18: 요청팀 | I18: 수령인 | J18: 금액 | K18: 비고
A19: 임직원 | B19: 1 | C19: 45963 | D19: 축하화환 | E19: 이상훈 | F19: 라비니움 | G19: 본인결혼 | H19: 홍콩/대만팀 | I19: 정선혜 | J19: 100000
B20: 2
B21: 3
B22: 4
B23: 5
B24: 소 계 | J24: =SUM(J19:J23) -> 100000
A25: 구분 | B25: No | C25: 배달일자 | D25: 상품명 | E25: 발주자 | F25: 배송지 | H25: 요청팀 | I25: 수령인 | J25: 금액 | K25: 비고
A26: 사내 조경
B28: 소 계 | J28: =SUM(J26:J27) -> 0
A29: 합 계 | J29: =SUM(J17,J24,J28) -> 900000

Sheet 12월
A1: 2025년 12월 경조화환 발주 내역
J2: 단위:원(VAT 비대상)
A3: 구분 | B3: No | C3: 배달일자 | D3: 상품명 | E3: 발주자 | F3: 배송지 | G3: 거래처 명 | H3: 요청팀 | I3: 수령인 | J3: 금액 | K3: 비고
A4: 거래처 | B4: 1 | C4: 45994 | D4: 근조화환 | E4: 이상훈 | F4: 고려대 안암병원 장례식장 | G4: 동아탱커 | H4: 총무팀 | I4: 이성구 | J4: 100000
B5: 2 | C5: 45996 | D5: 동양난 | E5: 이상훈 | F5: 필리핀항공 | G5: 필리핀항공 | H5: 항공기획팀 | I5: 이지현 | J5: 100000
B6: 3 | C6: 45997 | D6: 축하화환 | E6: 이상훈 | F6: 더링크호텔 서울 | G6: 안진회계법인 | H6: 자금정산팀 | I6: 김장훈 | J6: 100000
B7: 4 | C7: 46005 | D7: 축하화환 | E7: 이상훈 | F7: 세인트컨벤션웨딩홀 | G7: 마이스링스 | H7: 법인영업1팀 | I7: 김재훈 | J7: 100000
B8: 5 | C8: 46005 | D8: 동양난 | E8: 이상훈 | F8: 진에어 | G8: 진에어 | H8: 항공기획팀 | I8: 구자현 | J8: 100000
B9: 6 | C9: 45999 | D9: 서양난 | E9: 이상훈 | F9: 제주 서귀포 KAL 호텔 | G9: 서귀포 KAL 호텔 | I9: 우행제 | J9: 150000
B10: 7 | C10: 46006 | D10: 화분 | E10: 이상훈 | F10: 진에어 / 홍성완 | G10: 진에어 | I10: 홍성완 | J10: 100000
B11: 8 | C11: 46006 | D11: 화분 | E11: 이상훈 | F11: 진에어 / 홍관진 | G11: 진에어 | I11: 홍관진 | J11: 100000
B12: 9 | C12: 46006 | D12: 동양난 | E12: 이상훈 | F12: 진에어 / 오승혁 | G12: 진에어 | I12: 오승혁 | J12: 100000
B13: 10 | C13: 46007 | D13: 근조화환 | E13: 이상훈 | F13: 제주 부민장례식장 | G13: PHR 코리아(괌 힐튼) | H13: 괌/.사이판팀 | I13: 차인 | J13: 100000
B14: 11 | C14: 46015 | D14: 근조화환 | E14: 이상훈 | F14: 대구 상례원장례식장 | G14: 에이케이씨 | H14: 대리점/법인항공팀 | I14: 이종로 | J14: 100000
B15: 12 | C15: 46017 | D15: 근조화환 | E15: 이상훈 | F15: 대전 성심병원장례식장 | G15: 대한항공 | H15: 항공기획팀 | I15: 최상미 | J15: 100000
B16: 13 | C16: 46013 | D16: 축하화환 | E16: 이상훈 | F16: 소풍컨벤션 | G16: 필리핀항공 | H16: 동남아 4팀 | I16: 김현민 | J16: 100000
B17: 14
B18: 소 계 | J18: =SUM(J4:J16) -> 1350000
A19: 구분 | B19: No | C19: 배달일자 | D19: 상품명 | E19: 발주자 | F19: 배송지 | G19: 사유 | H19: 요청팀 | I19: 수령인 | J19: 금액 | K19: 비고
A20: 임직원 | B20: 1 | C20: 45998 | D20: 축하화환 | E20: 이상훈 | F20: 더베뉴지서울 | G20: 본인결혼 | H20: WEB UI/UX팀 | I20: 이명민 | J20: 100000
B21: 2 | C21: 45997 | D21: 축하화환 | E21: 김성태 | F21: 퍼시픽타워 오펠리스 웨딩홀 | G21: 본인결혼 | H21: 동남아2팀 | I21: 김성태 | J21: 100000
B22: 3
B23: 4
B24: 5
B25: 소 계 | J25: =SUM(J20:J24) -> 200000
A26: 구분 | B26: No | C26: 배달일자 | D26: 상품명 | E26: 발주자 | F26: 배송지 | H26: 요청팀 | I26: 수령인 | J26: 금액 | K26: 비고
A27: 사내 조경 | B27: 1
B29: 소 계 | J29: =SUM(J27:J28) -> 0
A30: 합 계 | J30: =SUM(J18,J25,J29) -> 1550000

Sheet Sheet1
A1: 싱가포르 항공
